id,id_professor,configSala
1,1,"{""area"": ""Lingua Portuguesa"", ""nome"": ""sala 1"", ""assunto"": ""Produção Textual"", ""caracteristica"": ""Aluno com Dificuldade de Aprendizado""}"
4,1,"{""area"": ""Lingua Portuguesa"", ""nome"": ""sala 2"", ""assunto"": ""Produção Textual"", ""caracteristica"": ""Aluno Avançado""}"
5,1,"{""area"": ""Lingua Portuguesa"", ""nome"": ""sala 3"", ""assunto"": ""Produção Textual"", ""caracteristica"": ""Aluno com Problemas de Atenção""}"
6,1,"{""area"": ""Lingua Portuguesa"", ""nome"": ""sala 4"", ""assunto"": ""Leitura e Interpretação de Textos"", ""caracteristica"": ""Aluno com Dificuldade de Aprendizado""}"
7,1,"{""area"": ""Lingua Portuguesa"", ""nome"": "" sala 5"", ""assunto"": ""Leitura e Interpretação de Textos"", ""caracteristica"": ""Aluno Avançado""}"
8,1,"{""area"": ""Lingua Portuguesa"", ""nome"": ""sala 6"", ""assunto"": ""Leitura e Interpretação de Textos"", ""caracteristica"": ""Aluno com Problemas de Atenção""}"
9,1,"{""area"": ""Ciências Naturais"", ""nome"": ""sala 7"", ""assunto"": ""Características dos animais"", ""caracteristica"": ""Aluno com Dificuldade de Aprendizado""}"
10,1,"{""area"": ""Ciências Naturais"", ""nome"": ""sala 8"", ""assunto"": ""Características dos animais"", ""caracteristica"": ""Aluno Avançado""}"
11,1,"{""area"": ""Ciências Naturais"", ""nome"": ""sala 9"", ""assunto"": ""Características dos animais"", ""caracteristica"": ""Aluno com Problemas de Atenção""}"
12,1,"{""area"": ""Ciências Naturais"", ""nome"": ""sala 10"", ""assunto"": ""Animais vertebrados e invertebrados"", ""caracteristica"": ""Aluno com Dificuldade de Aprendizado""}"
13,1,"{""area"": ""Ciências Naturais"", ""nome"": ""sala 11"", ""assunto"": ""Animais vertebrados e invertebrados"", ""caracteristica"": ""Aluno Avançado""}"
14,1,"{""area"": ""Ciências Naturais"", ""nome"": ""sala 12"", ""assunto"": ""Animais vertebrados e invertebrados"", ""caracteristica"": ""Aluno com Problemas de Atenção""}"
